,Unnamed: 0.3,Unnamed: 0.2,Unnamed: 0.1,Unnamed: 0,Name,Twitter-Handle,Party,Gender,ids
0,0,0,0,0,Bonelli Angelo,AngeloBonelli1,Alleanza Verdi Sinistra,M,425752285
1,1,1,1,1,Borrelli Francesco Emilio,NotizieFrance,Alleanza Verdi Sinistra,M,417961167
2,2,2,2,2,Dori Devis,DevisDori,Alleanza Verdi Sinistra,M,1228450685840220160
3,3,3,3,3,Evi Eleonora,EleonoraEvi,Alleanza Verdi Sinistra,F,1135141640
4,4,4,4,4,Fratoianni Nicola,NFratoianni,Alleanza Verdi Sinistra,M,425686235
5,5,5,5,5,Ghirra Francesca,fraghirra,Alleanza Verdi Sinistra,F,1662805520
6,6,6,6,6,Grimaldi Marco,marcogrimaldi_,Alleanza Verdi Sinistra,M,488580798
7,7,7,7,7,Mari Francesco,francomari4,Alleanza Verdi Sinistra,M,2207218850
8,8,8,8,8,Piccolotti Elisabetta,BettaPiccolotti,Alleanza Verdi Sinistra,F,295961054
9,9,9,9,9,Soumahoro Aboubakar,aboubakar_soum,Alleanza Verdi Sinistra,M,3372744029
10,10,10,10,10,Zanella Luana,veneziazanella,Alleanza Verdi Sinistra,F,602819458
11,11,11,11,11,Zaratti Filiberto,-----,Alleanza Verdi Sinistra,M,-----
12,12,12,12,12,Benzoni Fabrizio,fabriziobenzoni,Azione - Italia Viva,M,216654596
13,13,13,13,13,Bonetti Elena,elenabonetti,Azione - Italia Viva,F,1134357498
14,14,14,14,14,Bonifazi Francesco,FrancescoBonif1,Azione - Italia Viva,M,418814614
15,15,15,15,15,Boschi Maria Elena,meb,Azione - Italia Viva,F,588200416
16,16,16,16,16,Carfagna Maria Rosaria,mara_carfagna,Azione - Italia Viva,F,104485125
17,17,17,17,17,Castiglione Giuseppe,G_Castiglione,Azione - Italia Viva,M,540701757
18,18,18,18,18,Costa Enrico,Enrico__Costa,Azione - Italia Viva,M,1314572933340295168
19,19,19,19,19,D'alessio Antonio,-----,Azione - Italia Viva,M,-----
20,20,20,20,20,De Monte Isabella,IsabellaDeMonte,Azione - Italia Viva,F,1510780328
21,21,21,21,21,Del Barba Mauro,emmedibi,Azione - Italia Viva,M,58020070
22,22,22,22,22,Faraone Davide,davidefaraone,Azione - Italia Viva,M,41391760
23,23,23,23,23,Gadda Maria Chiara,McGadda,Azione - Italia Viva,F,1061367398
24,24,24,24,24,Giachetti Roberto,bobogiac,Azione - Italia Viva,M,523058143
25,25,25,25,25,Grippo Valentina,AdamoPantano,Azione - Italia Viva,F,1563105890412408837
26,26,26,26,26,Gruppioni Naike,naike_gruppioni,Azione - Italia Viva,F,not found
27,27,27,27,27,Marattin Luigi,marattin,Azione - Italia Viva,M,616886078
28,28,28,28,28,Pastorella Giulia,PastorellaGiu,Azione - Italia Viva,F,381062532
29,29,29,29,29,Richetti Matteo,MatteoRichetti,Azione - Italia Viva,M,395183088
30,30,30,30,30,Rosato Ettore,Ettore_Rosato,Azione - Italia Viva,M,258861907
31,31,31,31,31,Ruffino Daniela,DanielaRuffino2,Azione - Italia Viva,F,4104382283
32,32,32,32,32,Sottanelli Giulio Cesare,ce_giulio,Azione - Italia Viva,M,878634940442836994
33,33,33,33,33,Arruzzolo Giovanni,-----,Forza Italia,M,-----
34,34,34,34,34,Bagnasco Roberto,RobBagnasco,Forza Italia,M,492237675
35,35,35,35,35,Barelli Paolo,-----,Forza Italia,M,-----
36,36,36,36,36,Battilocchio Alessandro,AleBattilocchio,Forza Italia,M,not found
37,37,37,37,37,Battistoni Francesco,frabattistoni,Forza Italia,M,425779898
38,38,38,38,38,Benigni Stefano,stefanobenigni,Forza Italia,M,not found
39,39,39,39,39,Bergamini Deborah,DeborahBergamin,Forza Italia,F,92556620
40,40,40,40,40,Calderone Tommaso Antonino,TommasoCaldero1,Forza Italia,M,1557379571967791105
41,41,41,41,41,Cannizzaro Francesco,votacannizzaro,Forza Italia,M,2848696271
42,42,42,42,42,Cappellacci Ugo,ugocappellacci,Forza Italia,M,319185099
43,43,43,43,43,Caroppo Andrea,caroppo_andrea,Forza Italia,M,1117008833715556353
44,44,44,44,44,Casasco Maurizio,casascomaurizio,Forza Italia,M,3642777508
45,45,45,45,45,Cattaneo Alessandro,aleCattaneo79,Forza Italia,M,411432358
46,46,46,46,46,Cortelazzo Piergiorgio,pcortelazzo,Forza Italia,M,3653475501
47,47,47,47,47,D'attis Mauro,MauroDattis,Forza Italia,M,479085365
48,48,48,48,48,Dalla Chiesa Rita,ritadallachiesa,Forza Italia,F,429395418
49,49,49,49,49,De Palma Vito,vitodepalma,Forza Italia,M,not found
50,50,50,50,50,Fascina Marta Antonia,-----,Forza Italia,F,-----
51,51,51,51,51,Ferrante Tullio,tullio_ferrante,Forza Italia,M,not found
52,52,52,52,52,Gatta Giacomo Diego,-----,Forza Italia,M,-----
53,53,53,53,53,Mangialavori Giuseppe Tommaso Vincenzo,g_mangialavori,Forza Italia,M,750261315747414016
54,54,54,54,54,Marrocco Patrizia,MarroccoPatty,Forza Italia,F,3153590871
55,55,55,55,55,Mazzetti Erica,Mazzettierica1,Forza Italia,F,1377654137534476289
56,56,56,56,56,Mule' Giorgio,giorgiomule,Forza Italia,M,212364488
57,57,57,57,57,Nevi Raffaele,raffaelenevi,Forza Italia,M,430725523
58,58,58,58,58,Orsini Andrea Giorgio Felice Maria,Andrors,Forza Italia,M,not found
59,59,59,59,59,Pagano Nazario,NazarioPagano,Forza Italia,M,1026144254
60,60,60,60,60,Patriarca Annarita,AnnaritaPatriar,Forza Italia,F,not found
61,61,61,61,61,Pella Roberto,roberto_pella,Forza Italia,M,4008843159
62,62,62,62,62,Pichetto Fratin Gilberto,gilpichetto,Forza Italia,M,not found
63,63,63,63,63,Pittalis Pietro,PittalisPietro,Forza Italia,M,895063669
64,64,64,64,64,Polidori Catia,CatiaPolidori,Forza Italia,F,not found
65,65,65,65,65,Rossello Cristina,AvvRossello,Forza Italia,F,not found
66,66,66,66,66,Rubano Francesco Maria,FrancescoMRuban,Forza Italia,M,not found
67,67,67,67,67,Russo Paolo Emilio,paoloerusso,Forza Italia,M,not found
68,68,68,68,68,Saccani Gloria,-----,Forza Italia,F,-----
69,69,69,69,69,Sala Fabrizio,fabri_sala,Forza Italia,M,not found
70,70,70,70,70,Siracusano Matilde,mati_siracusano,Forza Italia,F,1328329476
71,71,71,71,71,Sorte Alessandro,sortealex,Forza Italia,M,605789764
72,72,72,72,72,Squeri Luca,LucaSqueri,Forza Italia,M,615326948
73,73,73,73,73,Tajani Antonio,Antonio_Tajani,Forza Italia,M,529247064
74,74,74,74,74,Tassinari Rosaria,-----,Forza Italia,F,-----
75,75,75,75,75,Tenerini Chiara,chiaratenerini2,Forza Italia,F,1149276324185481217
76,76,76,76,76,Tosi Flavio,FlavioTosiTW,Forza Italia,M,2949441737
77,77,77,77,77,Albano Lucia,Lucia__Albano,Fratelli d'Italia,F,not found
78,78,78,78,78,Almici Cristina,-----,Fratelli d'Italia,F,-----
79,79,79,79,79,Ambrosi Alessia,AleAmbrosiTW,Fratelli d'Italia,F,not found
80,80,80,80,80,Amich Vincenzo,-----,Fratelli d'Italia,M,-----
81,81,81,81,81,Amorese Alessandro,-----,Fratelli d'Italia,M,-----
82,82,82,82,82,Antoniozzi Alfredo,a_antoniozzi,Fratelli d'Italia,M,2375201684
83,83,83,83,83,Baldelli Antonio,-----,Fratelli d'Italia,M,-----
84,84,84,84,84,Bellucci Maria Teresa,MaresaBellucci,Fratelli d'Italia,F,935723004
85,85,85,85,85,Benvenuti Gostoli Stefano Maria,Ste_Benv_Gost,Fratelli d'Italia,M,not found
86,86,86,86,86,Bignami Galeazzo,galeazzobignami,Fratelli d'Italia,M,90337089
87,87,87,87,87,Buonguerrieri Alice,-----,Fratelli d'Italia,F,-----
88,88,88,88,88,Caiata Salvatore,CaiataSalvatore,Fratelli d'Italia,M,not found
89,89,89,89,89,Calovini Giangiacomo,GG_Calovini,Fratelli d'Italia,M,not found
90,90,90,90,90,Cangiano Gerolamo,-----,Fratelli d'Italia,M,-----
91,91,91,91,91,Cannata Giovanni Luca,sindacoluca33,Fratelli d'Italia,M,not found
92,92,92,92,92,Caramanna Gianluca,-----,Fratelli d'Italia,M,-----
93,93,93,93,93,Caretta Maria Cristina,carettamc11,Fratelli d'Italia,F,1040271648082067458
94,94,94,94,94,Cerreto Marco,MarcoCerreto,Fratelli d'Italia,M,945729890
95,95,95,95,95,Chiesa Paola Maria,-----,Fratelli d'Italia,F,-----
96,96,96,96,96,Ciaburro Monica,monicaciaburro,Fratelli d'Italia,F,570163803
97,97,97,97,97,Ciancitto Francesco Maria Salvatore,F_Ciancitto,Fratelli d'Italia,M,not found
98,98,98,98,98,Ciocchetti Luciano,LCiocchetti,Fratelli d'Italia,M,321313255
99,99,99,99,99,Cirielli Edmondo,edmondocirielli,Fratelli d'Italia,M,82145527
100,100,100,100,100,Colombo Beatriz,-----,Fratelli d'Italia,F,-----
101,101,101,101,101,Colosimo Chiara,ChiaraColosimo,Fratelli d'Italia,F,403051679
102,102,102,102,102,Comba Fabrizio,votacomba,Fratelli d'Italia,M,not found
103,103,103,103,103,Congedo Saverio,SaverioCongedo,Fratelli d'Italia,M,493029817
104,104,104,104,104,Coppo Marcello,MarcelloCoppo,Fratelli d'Italia,M,not found
105,105,105,105,105,De Bertoldi Andrea,AdeBertoldi,Fratelli d'Italia,M,479830985
106,106,106,106,106,De Corato Riccardo,R_De_Corato,Fratelli d'Italia,M,939329329
107,107,107,107,107,Deidda Salvatore,deidda,Fratelli d'Italia,M,74544145
108,108,108,108,108,Delmastro Delle Vedove Andrea,DelmastroAndrea,Fratelli d'Italia,M,519867330
109,109,109,109,109,Di Giuseppe Andrea,adg_iovoto,Fratelli d'Italia,M,not found
110,110,110,110,110,Di Maggio Grazia,-----,Fratelli d'Italia,F,-----
111,111,111,111,111,Dondi Daniela,daniela_dondi,Fratelli d'Italia,F,not found
112,112,112,112,112,Donzelli Giovanni,Donzelli,Fratelli d'Italia,M,22127498
113,113,113,113,113,Ferro Wanda,wandaferro1,Fratelli d'Italia,F,1353099349056778245
114,114,114,114,114,Filini Francesco,FrancescoFilini,Fratelli d'Italia,M,84037226
115,115,115,115,115,Fitto Raffaele,RaffaeleFitto,Fratelli d'Italia,M,702661167
116,116,116,116,116,Foti Tommaso,TommasoFoti,Fratelli d'Italia,M,607347341
117,117,117,117,117,Frassinetti Paola,FrassinettiP,Fratelli d'Italia,F,373947833
118,118,118,118,118,Frijia Maria Grazia,MariaFrijia,Fratelli d'Italia,F,478656820
119,119,119,119,119,Gardini Elisabetta,EGardini,Fratelli d'Italia,F,404836757
120,120,120,120,120,Gemmato Marcello,marcellogemmato,Fratelli d'Italia,M,211191573
121,121,121,121,121,Giordano Antonio,-----,Fratelli d'Italia,M,-----
122,122,122,122,122,Giorgianni Carmen Letizia,let_giorgianni,Fratelli d'Italia,F,846325971397623809
123,123,123,123,123,Giovine Silvio,silviogiovine,Fratelli d'Italia,M,972064447
124,124,124,124,124,Iaia Dario,dario123iaia,Fratelli d'Italia,M,not found
125,125,125,125,125,Kelany Sara,SaraKelany_,Fratelli d'Italia,F,1348359654892589058
126,126,126,126,126,La Porta Chiara,ChiaraLaPorta,Fratelli d'Italia,F,868257973
127,127,127,127,127,La Salandra Giandonato,-----,Fratelli d'Italia,M,-----
128,128,128,128,128,Lampis Gianni,Gianni_Lampis,Fratelli d'Italia,M,422511983
129,129,129,129,129,Lancellotta Elisabetta Christiana,-----,Fratelli d'Italia,F,-----
130,130,130,130,130,Leo Maurizio,MaurizioLeo6,Fratelli d'Italia,M,1226535076202196992
131,131,131,131,131,Lollobrigida Francesco,FrancescoLollo1,Fratelli d'Italia,M,1039438621982502913
132,132,132,132,132,Longi Eliana,elianalongi,Fratelli d'Italia,F,not found
133,133,133,133,133,Loperfido Emanuele,LopezPn,Fratelli d'Italia,M,not found
134,134,134,134,134,Lucaselli Ylenja,ylucaselli,Fratelli d'Italia,F,1005040916997042176
135,135,135,135,135,Maccari Carlo,CarloMaccari,Fratelli d'Italia,M,not found
136,136,136,136,136,Maerna Novo Umberto,UmbertoMaerna,Fratelli d'Italia,M,not found
137,137,137,137,137,Maiorano Luigi Giovanni,-----,Fratelli d'Italia,M,-----
138,138,138,138,138,Malagola Lorenzo,-----,Fratelli d'Italia,M,-----
139,139,139,139,139,Malaguti Mauro,mmalaguti1,Fratelli d'Italia,M,not found
140,140,140,140,140,Mantovani Lucrezia Maria Benedetta,mantovaniLu,Fratelli d'Italia,F,636175127
141,141,141,141,141,Marchetto Marina,-----,Fratelli d'Italia,F,-----
142,142,142,142,142,Mascaretti Andrea,ndreamascaretti,Fratelli d'Italia,M,498323791
143,143,143,143,143,Maschio Ciro,CiroMaschio,Fratelli d'Italia,M,1192053175509012480
144,144,144,144,144,Matera Mariangela,-----,Fratelli d'Italia,F,-----
145,145,145,145,145,Matteoni Nicole,NickyMatteoni,Fratelli d'Italia,F,not found
146,146,146,146,146,Mattia Aldo,-----,Fratelli d'Italia,M,-----
147,147,147,147,147,Maullu Stefano Giovanni,stefanomaullu,Fratelli d'Italia,M,23740839
148,148,148,148,148,Mazzi Gianmarco,gianmarco_mazzi,Fratelli d'Italia,M,not found
149,149,149,149,149,Meloni Giorgia,GiorgiaMeloni,Fratelli d'Italia,F,130537001
150,150,150,150,150,Messina Manlio,ManlioMessina,Fratelli d'Italia,M,192191853
151,151,151,151,151,Michelotti Francesco,MichelottiF,Fratelli d'Italia,M,457827532
152,152,152,152,152,Milani Massimo,-----,Fratelli d'Italia,M,-----
153,153,153,153,153,Mollicone Federico,fmollicone,Fratelli d'Italia,M,272317881
154,154,154,154,154,Montaruli Augusta,augustamontarul,Fratelli d'Italia,F,421841453
155,155,155,155,155,Morgante Maddalena,-----,Fratelli d'Italia,F,-----
156,156,156,156,156,Mura Francesco,geometramura,Fratelli d'Italia,M,not found
157,157,157,157,157,Nordio Carlo,-----,Fratelli d'Italia,M,-----
158,158,158,158,158,Osnato Marco,MarcoOsnato,Fratelli d'Italia,M,424980952
159,159,159,159,159,Padovani Marco,-----,Fratelli d'Italia,M,-----
160,160,160,160,160,Palombi Alessandro,AvvPalombi,Fratelli d'Italia,M,2560502543
161,161,161,161,161,Pellicini Andrea,-----,Fratelli d'Italia,M,-----
162,162,162,162,162,Perissa Marco,MarcoPerissa,Fratelli d'Italia,M,523071819
163,163,163,163,163,Pietrella Fabio,PietrellaFabio,Fratelli d'Italia,M,not found
164,164,164,164,164,Polo Barbara,-----,Fratelli d'Italia,F,-----
165,165,165,165,165,Pozzolo Emanuele,EmanuelePozzolo,Fratelli d'Italia,M,not found
166,166,166,166,166,Prisco Emanuele,EmanuelePrisco,Fratelli d'Italia,M,122327232
167,167,167,167,167,Pulciani Paolo,-----,Fratelli d'Italia,M,-----
168,168,168,168,168,Raimondo Carmine Fabio,fabiusrai,Fratelli d'Italia,M,not found
169,169,169,169,169,Rampelli Fabio,fabiorampelli,Fratelli d'Italia,M,493025647
170,170,170,170,170,Rizzetto Walter,w_rizzetto,Fratelli d'Italia,M,359933447
171,171,171,171,171,Roccella Eugenia Maria,-----,Fratelli d'Italia,F,-----
172,172,172,172,172,Roscani Fabio,FabioRoscani,Fratelli d'Italia,M,84300449
173,173,173,173,173,Rossi Angelo,-----,Fratelli d'Italia,M,-----
174,174,174,174,174,Rossi Fabrizio,FabriRossiFdI,Fratelli d'Italia,M,588694308
175,175,175,175,175,Rosso Matteo,MatteoRosso67,Fratelli d'Italia,M,3173154645
176,176,176,176,176,Rotelli Mauro,maurorotelli,Fratelli d'Italia,M,17242197
177,177,177,177,177,Rotondi Gianfranco,grotondi,Fratelli d'Italia,M,87467449
178,178,178,178,178,Ruspandini Massimo,mruspandini,Fratelli d'Italia,M,478868933
179,179,179,179,179,Russo Gaetana,GaetanaRusso81,Fratelli d'Italia,F,1564637022446387200
180,180,180,180,180,Sbardella Luca,luca_sbardella,Fratelli d'Italia,M,not found
181,181,181,181,181,Schiano Di Visconti Michele,-----,Fratelli d'Italia,M,-----
182,182,182,182,182,Schifone Marta,SchifoneM,Fratelli d'Italia,F,1921293104
183,183,183,183,183,Silvestri Rachele,raksilv,Fratelli d'Italia,F,174818748
184,184,184,184,184,Testa Guerino,GuerinoTesta,Fratelli d'Italia,M,529289546
185,185,185,185,185,Trancassini Paolo,PTrancassini,Fratelli d'Italia,M,2203729336
186,186,186,186,186,Tremaglia Andrea,atremaglia,Fratelli d'Italia,M,1009002083486519296
187,187,187,187,187,Tremonti Giulio,Giulio_Tremonti,Fratelli d'Italia,M,882601007338979328
188,188,188,188,188,Urzi' Alessandro,urziale,Fratelli d'Italia,M,534770413
189,189,189,189,189,Varchi Maria Carolina,CarolinaVarchi,Fratelli d'Italia,F,425811911
190,190,190,190,190,Vietri Maria Immacolata,-----,Fratelli d'Italia,F,-----
191,191,191,191,191,Vinci Gianluca,GianlucaVinci80,Fratelli d'Italia,M,924585253783695360
192,192,192,192,192,Volpi Andrea,VolpiAnd,Fratelli d'Italia,M,425898221
193,193,193,193,193,Zucconi Riccardo,zucconideputato,Fratelli d'Italia,M,1097872390464438272
194,194,194,194,194,Zurzolo Immacolata,-----,Fratelli d'Italia,F,-----
195,195,195,195,195,Andreuzza Giorgia,GiorgiAndreuzza,Lega,F,314471179
196,196,196,196,196,Angelucci Antonio,-----,Lega,M,-----
197,197,197,197,197,Bagnai Alberto,AlbertoBagnai,Lega,M,876541483
198,198,198,198,198,Barabotti Andrea,a_barabotti,Lega,M,14854072
199,199,199,199,199,Bellomo Davide,BellomoDavide70,Lega,M,2692420614
200,200,200,200,200,Benvenuto Alessandro Manuel,alebenvenuto,Lega,M,69865203
201,201,201,201,201,Bergamini Davide,DBERGAMINI1,Lega,M,not found
202,202,202,202,202,Billi Simone,simo_billi,Lega,M,747960894
203,203,203,203,203,Bisa Ingrid,BisaIngrid,Lega,F,3391045402
204,204,204,204,204,Bitonci Massimo,massimobitonci,Lega,M,106673706
205,205,205,205,205,Bof Gianangelo,bof_gianangelo,Lega,M,not found
206,206,206,206,206,Bordonali Simona,SimonaBordonali,Lega,F,448364257
207,207,207,207,207,Bossi Umberto,-----,Lega,M,-----
208,208,208,208,208,Bruzzone Francesco,BruzzoneLega,Lega,M,1487836310
209,209,209,209,209,Candiani Stefano,CandianiStefano,Lega,M,1250116818
210,210,210,210,210,Caparvi Virginio,VCaparvi,Lega,M,958262093198872577
211,211,211,211,211,Carloni Mirco,mircocarloni,Lega,M,224346150
212,212,212,212,212,Carrà Anastasio,-----,Lega,M,-----
213,213,213,213,213,Cattoi Vanessa,VCattoi,Lega,F,not found
214,214,214,214,214,Cavandoli Laura,LaCavandoli,Lega,F,215187433
215,215,215,215,215,Cecchetti Fabrizio,FabriCecchetti,Lega,M,499715019
216,216,216,216,216,Centremero Giulio,GiulioCentemero,Lega,M,960185954807025666
217,217,217,217,217,Coin Dimitri,DimitriCoin,Lega,M,3354697683
218,218,218,218,218,Comaroli Silvana Andreina,ComaroliSilvana,Lega,F,1049331378389770240
219,219,219,219,219,Crippa Andrea,-----,Lega,M,-----
220,220,220,220,220,Dara Andrea,daraandrea1,Lega,M,2608626232
221,221,221,221,221,Di Mattina Salvatore Marcello,-----,Lega,M,-----
222,222,222,222,222,Fontana Lorenzo,Fontana3Lorenzo,Lega,M,455378815
223,223,223,223,223,Formentini Paolo,PaoloFormentin1,Lega,M,1270355196376383490
224,224,224,224,224,Frassini Rebecca,rebeccafrassini,Lega,F,454797927
225,225,225,225,225,Freni Federico,-----,Lega,M,-----
226,226,226,226,226,Furgiuele Domenico,DomenicoFurgiu1,Lega,M,952881172010369024
227,227,227,227,227,Gava Vannia,VanniaGava,Lega,F,578316055
228,228,228,228,228,Giaccone Andrea,AndreaGiaccone,Lega,M,not found
229,229,229,229,229,Giaconi Dario,-----,Lega,M,-----
230,230,230,230,230,Giglio Vigna Alessandro,alevigna980,Lega,M,not found
231,231,231,231,231,Giorgetti Giancarlo,-----,Lega,M,-----
232,232,232,232,232,Gusmeroli Alberto Luigi,A_Gusmeroli,Lega,M,878620152253886464
233,233,233,233,233,Iezzi Igor,igoriezzi,Lega,M,309937155
234,234,234,234,234,Latini Giorgia,latinigiorgia,Lega,F,2422628264
235,235,235,235,235,Lazzarini Arianna,lazzariniari,Lega,F,not found
236,236,236,236,236,Loizzo Simona,loizzosimona,Lega,F,not found
237,237,237,237,237,Maccanti Elena,Elmac71,Lega,F,2668990849
238,238,238,238,238,Marchetti Riccardo Augusto,RiccardoAugust3,Lega,M,1029849561915949066
239,239,239,239,239,Matone Simonetta,-----,Lega,F,-----
240,240,240,240,240,Miele Giovanna,-----,Lega,F,-----
241,241,241,241,241,Minardo Antonino,-----,Lega,M,-----
242,242,242,242,242,Molinari Riccardo,MolinariRik,Lega,M,529406554
243,243,243,243,243,Molteni Nicola,NicolaMolteni,Lega,M,635446554
244,244,244,244,244,Montemagni Elisa,Eli_Montemagni,Lega,F,869690424
245,245,245,245,245,Morrone Jacopo,JacopoMorrone,Lega,M,476144741
246,246,246,246,246,Nisini Tiziana,TizianaNisini,Lega,F,941091986
247,247,247,247,247,Ottaviani Nicola,OttavianiNicola,Lega,M,not found
248,248,248,248,248,Panizzut Massimiliano,MaxiPanizzut,Lega,M,898653725878779904
249,249,249,249,249,Pierro Attilio,-----,Lega,M,-----
250,250,250,250,250,Pizzimenti Graziano,-----,Lega,M,-----
251,251,251,251,251,Pretto Erik Umberto,ErikPretto,Lega,M,981820280132849664
252,252,252,252,252,Ravetto Laura,lauraravetto,Lega,F,587805027
253,253,253,253,253,Rixi Edoardo,edorixi,Lega,M,61160450
254,254,254,254,254,Sasso Rossano,roxsasso,Lega,M,520451294
255,255,255,255,255,Stefani Alberto,Stefanicamera,Lega,M,1237851561331527688
256,256,256,256,256,Sudano Valeria,SudanoValeria,Lega,F,not found
257,257,257,257,257,Toccalini Luca,LucaToccalini,Lega,M,106432582
258,258,258,258,258,Ziello Edoardo,EdoardoZiello1,Lega,M,1335045720
259,259,259,259,259,Zinzi Gianpiero,gianpierozinzi,Lega,M,240642244
260,260,260,260,260,Zoffili Eugenio,eugenio_zoffili,Lega,M,381443107
261,261,261,261,261,Aiello Davide,DavideAiello85,Movimento 5s,M,729452965086547968
262,262,262,262,262,Alifano Enrica,-----,Movimento 5s,F,-----
263,263,263,263,263,Amato Gaetano,-----,Movimento 5s,M,-----
264,264,264,264,264,Appendino Chiara,c_appendino,Movimento 5s,F,963073442
265,265,265,265,265,Ascari Stefania,stefania_ascari,Movimento 5s,F,1037599816220651520
266,266,266,266,266,Auriemma Carmela,-----,Movimento 5s,F,-----
267,267,267,267,267,Baldino Vittoria,BaldinoVittoria,Movimento 5s,F,984849914235637761
268,268,268,268,268,Barzotti Valentina,barzottivale,Movimento 5s,F,832127966259867648
269,269,269,269,269,Bruno Raffaele,-----,Movimento 5s,M,-----
270,270,270,270,270,Cafiero De Raho Federico,-----,Movimento 5s,M,-----
271,271,271,271,271,Cantone Luciano,cantone_dep,Movimento 5s,M,1025330997565554689
272,272,272,272,272,Cappelletti Enrico,e_cappelletti,Movimento 5s,M,2210614638
273,273,273,273,273,Caramiello Alessandro,-----,Movimento 5s,M,-----
274,274,274,274,274,Carmina Ida,idacarmina,Movimento 5s,F,not found
275,275,275,275,275,Carotenuto Dario,Dario5S,Movimento 5s,M,not found
276,276,276,276,276,Caso Antonio,-----,Movimento 5s,M,-----
277,277,277,277,277,Cherchi Susanna,susannacherchi,Movimento 5s,F,544432427
278,278,278,278,278,Colucci Alfonso,colucci_alfonso,Movimento 5s,M,not found
279,279,279,279,279,Conte Giuseppe,GiuseppeConteIT,Movimento 5s,M,999578121123848192
280,280,280,280,280,Costa Sergio,SergioCosta_Gen,Movimento 5s,M,1003507623214370816
281,281,281,281,281,Dell'Olio Gianmauro,gmdellolio,Movimento 5s,M,267862426
282,282,282,282,282,Di Lauro Carmen,Carmen_DiLa,Movimento 5s,F,not found
283,283,283,283,283,Donno Leonardo,LeonDonnoM5S,Movimento 5s,M,921355910437580800
284,284,284,284,284,D'Orso Valentina,-----,Movimento 5s,F,-----
285,285,285,285,285,Fede Giorgio,GiorgioFede,Movimento 5s,M,488516021
286,286,286,286,286,Fenu Emiliano,emiliano_fenu,Movimento 5s,M,not found
287,287,287,287,287,Fontana Ilaria,ilariafontana5s,Movimento 5s,F,407163369
288,288,288,288,288,Giuliano Carla,-----,Movimento 5s,F,-----
289,289,289,289,289,Gubitosa Michele,MicheleGubitosa,Movimento 5s,M,1090946543740432385
290,290,290,290,290,Iaria Antonino,AntoninoIaria5,Movimento 5s,M,not found
291,291,291,291,291,L'Abbate Patty,Patty_LAbbate,Movimento 5s,F,986629276458995712
292,292,292,292,292,Lomuti Arnaldo,LomutiArnaldo,Movimento 5s,M,1056888359543603201
293,293,293,293,293,Lovecchio Giorgio,Giorgiolovecc,Movimento 5s,M,383752497
294,294,294,294,294,Morfino Daniela,DanielaMorfino,Movimento 5s,F,not found
295,295,295,295,295,Onori Federica,-----,Movimento 5s,F,-----
296,296,296,296,296,Orrico Anna Laura,AnnaLauraOrrico,Movimento 5s,F,not found
297,297,297,297,297,Pavanelli Emma,EmmaPavanelli,Movimento 5s,F,972390356
298,298,298,298,298,Pellegrini Marco,MPellegrini_m5s,Movimento 5s,M,1116281452310814720
299,299,299,299,299,Penza Pasqualino,-----,Movimento 5s,M,-----
300,300,300,300,300,Quartini Andrea,quartini60,Movimento 5s,M,502566103
301,301,301,301,301,Raffa Angela,RaffaAngela,Movimento 5s,F,2149359853
302,302,302,302,302,Ricciardi Marianna,-----,Movimento 5s,F,-----
303,303,303,303,303,Ricciardi Riccardo,RicRicciardi,Movimento 5s,M,239891843
304,304,304,304,304,Santilo Agostino,Ago_SantilloM5S,Movimento 5s,M,577362844
305,305,305,305,305,Scerra Filippo,FilippoScerra,Movimento 5s,M,2346902091
306,306,306,306,306,Scutellà Elisa,-----,Movimento 5s,F,-----
307,307,307,307,307,Silvestri Francesco,FraSilvestriM5S,Movimento 5s,M,1079313739671846912
308,308,308,308,308,Sportiello Gilda,SportielloGilda,Movimento 5s,F,1138378969395470337
309,309,309,309,309,Todde Alessandra,Ale_ToddeM5S,Movimento 5s,F,1118833070675722246
310,310,310,310,310,Torto Daniela,daniela_torto,Movimento 5s,F,930544194518700032
311,311,311,311,311,Traversi Roberto,TraversiRoberto,Movimento 5s,M,not found
312,312,312,312,312,Tucci Riccardo,RicTucci,Movimento 5s,M,535371328
313,313,313,313,313,Bicchielli Pino,PBicchielli,Noi moderati,M,422857222
314,314,314,314,314,Cavo Ilaria,IlariaCavo,Noi moderati,F,1107572684
315,315,315,315,315,Cesa Lorenzo,L_Cesa,Noi moderati,M,510693528
316,316,316,316,316,Colucci Alessandro,AleColucci1,Noi moderati,M,1109683333
317,317,317,317,317,Lupi Maurizio,Maurizio_Lupi,Noi moderati,M,373423842
318,318,318,318,318,Pisano Calogero,lillopisano,Noi moderati,M,not found
319,319,319,319,319,Romano Francesco Saverio,SaverioRomano,Noi moderati,M,177610735
320,320,320,320,320,Semenzato Martina,SemenzatoMarti,Noi moderati,F,not found
321,321,321,321,321,Tirelli Franco,tirellifranco,Noi moderati,M,not found
322,322,322,322,322,Amendola Vincenzo,amendolaenzo,Partito Democratico,M,398726169
323,323,323,323,323,Ascani Anna,AnnaAscani,Partito Democratico,F,492325083
324,324,324,324,324,Bakkali Ouidad,BakkaliOuidad,Partito Democratico,F,1321077581244977152
325,325,325,325,325,Barbagallo Anthony Emanuele,Ant_Barbagallo,Partito Democratico,M,1445101265449521162
326,326,326,326,326,Berruto Mauro,mauroberruto,Partito Democratico,M,106560408
327,327,327,327,327,Boldrini Laura,lauraboldrini,Partito Democratico,F,221902171
328,328,328,328,328,Bonafè Simona,simonabonafe,Partito Democratico,F,391945446
329,329,329,329,329,Braga Chiara,bragachiara,Partito Democratico,F,385923471
330,330,330,330,330,Carè Nicola,careitaly,Partito Democratico,M,958522192857251841
331,331,331,331,331,Casu Andrea,andcasu,Partito Democratico,M,1278510602
332,332,332,332,332,Ciani Paolo,ROMA_News,Partito Democratico,M,172279801
333,333,333,333,333,Cuperlo Gianni,giannicuperlo,Partito Democratico,M,1517294112
334,334,334,334,334,Curti Augusto,augustocurtipd,Partito Democratico,M,not found
335,335,335,335,335,D'Alfonso Luciano,lucianodalfonso,Partito Democratico,M,238681240
336,336,336,336,336,De Luca Piero,Piero_De_Luca,Partito Democratico,M,2725835234
337,337,337,337,337,De Maria Andrea,andreademaria_,Partito Democratico,M,384881122
338,338,338,338,338,De Micheli Paola,paola_demicheli,Partito Democratico,F,461306712
339,339,339,339,339,Di Biase Michela,MichelaDiBiase1,Partito Democratico,F,602217677
340,340,340,340,340,Di Sanzo Christian Diego,chrisdisanzo,Partito Democratico,M,1062835358
341,341,341,341,341,Fassino Piero,pierofassino,Partito Democratico,M,100218289
342,342,342,342,342,Ferrari Sara,-----,Partito Democratico,F,-----
343,343,343,343,343,Forattini Antonella,AForattini,Partito Democratico,F,403468828
344,344,344,344,344,Fornaro Federico,Fornaro62,Partito Democratico,M,586037920
345,345,345,345,345,Fossi Emiliano,emifossi,Partito Democratico,M,560448821
346,346,346,346,346,Furfaro Marco,marcofurfaro,Partito Democratico,M,46928097
347,347,347,347,347,Ghio Valentina,ValentinaGhio2,Partito Democratico,F,not found
348,348,348,348,348,Gianassi Federico,GianassiFede,Partito Democratico,M,1079395843
349,349,349,349,349,Girelli Gian Antonio,GianniGirelli,Partito Democratico,M,111386096
350,350,350,350,350,Gnassi Andrea,andreagnassi,Partito Democratico,M,214485357
351,351,351,351,351,Graziano Stefano,stefgraziano,Partito Democratico,M,475833262
352,352,352,352,352,Gribaudo Chiara,chiaragribaudo,Partito Democratico,F,1030715161
353,353,353,353,353,Guerini Lorenzo,guerini_lorenzo,Partito Democratico,M,1870754606
354,354,354,354,354,Guerra Maria Cecilia,mceciguerra,Partito Democratico,F,1074572754
355,355,355,355,355,Iacono Giovanna,GiovannaIacono8,Partito Democratico,F,not found
356,356,356,356,356,Lacarra Marco,marco_lacarra,Partito Democratico,M,715513977544052736
357,357,357,357,357,Lai Silvio,silviolai,Partito Democratico,M,113383366
358,358,358,358,358,Laus Mauro Antonio Donato,Maurolaus,Partito Democratico,M,2977868313
359,359,359,359,359,Letta Enrico,EnricoLetta,Partito Democratico,M,419622371
360,360,360,360,360,Madia Maria Anna,mariannamadia,Partito Democratico,F,588975097
361,361,361,361,361,Malavasi Ilenia,Ileniamalavasi,Partito Democratico,F,1120127160
362,362,362,362,362,Mancini Claudio,clamancini,Partito Democratico,M,2458617331
363,363,363,363,363,Manzi Irene,ManziIrene,Partito Democratico,F,2389507018
364,364,364,364,364,Marino Maria Stefania,msmarino_pd,Partito Democratico,F,not found
365,365,365,365,365,Mauri Matteo,mmauripd,Partito Democratico,M,2191248370
366,366,366,366,366,Merola Virginio,virginiomerola,Partito Democratico,M,230817595
367,367,367,367,367,Morassut Roberto,RMorassut,Partito Democratico,M,569887181
368,368,368,368,368,Orfini Matteo,orfini,Partito Democratico,M,12514212
369,369,369,369,369,Orlando Andrea,AndreaOrlandosp,Partito Democratico,M,496437886
370,370,370,370,370,Pagano Ubaldo,NativiPd_provBa,Partito Democratico,M,not found
371,371,371,371,371,Peluffo Vinicio Giusseppe Guido,Vpeluffo,Partito Democratico,M,394233849
372,372,372,372,372,Porta Fabio,fabioporta5,Partito Democratico,M,960274334035128321
373,373,373,373,373,Provenzano Giuseppe,peppeprovenzano,Partito Democratico,M,65872738
374,374,374,374,374,Quartapelle Procopio Lia,LiaQuartapelle,Partito Democratico,F,216361540
375,375,375,375,375,Ricciardi Toni,toniricciardi,Partito Democratico,M,227476072
376,376,376,376,376,Roggiani Silvia,SilviaRoggiani,Partito Democratico,F,3903647256
377,377,377,377,377,Rossi Andrea,andrearossi76,Partito Democratico,M,123712076
378,378,378,378,378,Sarracino Marco,Marco_Sarra,Partito Democratico,M,261838075
379,379,379,379,379,Scarpa Rachele,ScarpaRachele,Partito Democratico,F,1284790982672822272
380,380,380,380,380,Schlein Elly,ellyesse,Partito Democratico,F,322933929
381,381,381,381,381,Scotto Arturo,Arturo_Scotto,Partito Democratico,M,430169858
382,382,382,382,382,Serrachiani Debora,serracchiani,Partito Democratico,F,35298549
383,383,383,383,383,Simiani Marco,marcosimiani,Partito Democratico,M,465484805
384,384,384,384,384,Speranza Roberto,robersperanza,Partito Democratico,M,331005596
385,385,385,385,385,Stefanazzi Claudio Michele,-----,Partito Democratico,M,-----
386,386,386,386,386,Stumpo Nicola,NicoStumpo,Partito Democratico,M,422168826
387,387,387,387,387,Tabacci Bruno,BrunoTabacci,Partito Democratico,M,731478246
388,388,388,388,388,Vaccari Stefano,Tetovaccari,Partito Democratico,M,532545883
389,389,389,389,389,Zan Alessandro,ZanAlessandro,Partito Democratico,M,1022254674
390,390,390,390,390,Zingaretti Nicola,nzingaretti,Partito Democratico,M,403544693
391,391,391,391,391,Paita Raffaella,raffaellapaita,Azione - Italia Viva,F,455562995
392,392,392,392,392,Gelmini Mariastella,msgelmini,Azione - Italia Viva,F,420332560
393,393,393,393,393,Fregolent Silvia,SilviaFregolent,Azione - Italia Viva,F,590358735
394,394,394,394,394,Lombardo Marco,mlombardo81,Azione - Italia Viva,M,560636317
395,395,395,395,395,Scalfarotto Ivan,ivanscalfarotto,Azione - Italia Viva,M,30248306
396,396,396,396,396,Calenda Carlo,CarloCalenda,Azione - Italia Viva,M,2416067982
397,397,397,397,397,Renzi Matteo,matteorenzi,Azione - Italia Viva,M,18762875
398,398,398,398,398,Sbrollini Daniela,DaniSbrollini,Azione - Italia Viva,F,903723812
399,399,399,399,399,Versace Giusy,GiusyVersace,Azione - Italia Viva,F,447056150
400,400,400,400,400,De Poli Antonio,AntonioDePoli,Noi moderati,M,376210328
401,401,401,401,401,Salvitti Giorgio,-----,Noi moderati,M,-----
402,402,402,402,402,Borghese Mario Alejandro,MarioBorgheseOK,Noi moderati,M,not found
403,403,403,403,403,Biancofiore Michaela,BiancofioreMiky,Noi moderati,F,592160447
404,404,404,404,404,Guidi Antonio,OnAntonioGuidi,Noi moderati,M,594879721
405,405,405,405,405,Petrenga Giovanna,-----,Noi moderati,F,-----
406,406,406,406,406,Ronzulli Licia,LiciaRonzulli,Forza Italia,F,318316637
407,407,407,407,407,Alberti Caselati Maria Elisabetta,Min_Casellati,Forza Italia,F,not found
408,408,408,408,408,Barachini Alberto,abarachini,Forza Italia,M,354901620
409,409,409,409,409,Berlusconi Silvio,berlusconi,Forza Italia,M,920277002858500096
410,410,410,410,410,Bernini Anna Maria,BerniniAM,Forza Italia,F,757291945
411,411,411,411,411,Craxi Stefania Gabriella Anastasia,stefaniacraxi,Forza Italia,F,606568109
412,412,412,412,412,Damiani Dario,DamianiDario,Forza Italia,M,513284285
413,413,413,413,413,Fazzone Claudio,-----,Forza Italia,M,-----
414,414,414,414,414,Gasparri Maurizio,gasparripdl,Forza Italia,M,413217587
415,415,415,415,415,Lotito Claudio,-----,Forza Italia,M,-----
416,416,416,416,416,Miccichè Gianfranco,miccichesud,Forza Italia,M,79147075
417,417,417,417,417,Occhiuto Mario,-----,Forza Italia,M,-----
418,418,418,418,418,Paroli Adriano,paroli_adriano,Forza Italia,M,not found
419,419,419,419,419,Rosso Roberto,RobertoRosso67,Forza Italia,M,not found
420,420,420,420,420,Silvestro Francesco,-----,Forza Italia,M,-----
421,421,421,421,421,Sisto Francesco Paolo,fp_sisto,Forza Italia,M,463064441
422,422,422,422,422,Zanettin Pierantonio,PierantonioZ,Forza Italia,M,499911132
423,423,423,423,423,Zangrillo Paolo,Paolo_Zangrillo,Forza Italia,M,not found
424,424,424,424,424,Ciriani Luca,ciriani_luca,Fratelli d'Italia,M,1103239427155992576
425,425,425,425,425,Rauti Isabella,isabellarauti,Fratelli d'Italia,F,376610294
426,426,426,426,426,Malan Lucio,LucioMalan,Fratelli d'Italia,M,919526072
427,427,427,427,427,Iannone Antonio,AntonioIannone,Fratelli d'Italia,M,31554739
428,428,428,428,428,Ambrogio Paola,AmbrogioPaola,Fratelli d'Italia,F,1466839349379620868
429,429,429,429,429,Amidei Bartolomeo,amideibart,Fratelli d'Italia,M,not found
430,430,430,430,430,Ancorotti Renato,AncorottiR,Fratelli d'Italia,M,not found
431,431,431,431,431,Augello Andrea,-----,Fratelli d'Italia,M,-----
432,432,432,432,432,Balboni Alberto,balboni_alberto,Fratelli d'Italia,M,not found
433,433,433,433,433,Barcaiuolo Michele,barcaiuolo,Fratelli d'Italia,M,not found
434,434,434,434,434,Berrino Gianni,GBerrino,Fratelli d'Italia,M,1047059160
435,435,435,435,435,Bucalo Carmela,-----,Fratelli d'Italia,F,-----
436,436,436,436,436,Butti Alessio,-----,Fratelli d'Italia,M,-----
437,437,437,437,437,Calandrini Nicola,calandriniLT,Fratelli d'Italia,M,1006296722
438,438,438,438,438,Campione Susanna Donatella,-----,Fratelli d'Italia,F,-----
439,439,439,439,439,Castelli Guido,guidocastelli65,Fratelli d'Italia,M,425154943
440,440,440,440,440,Cosenza Giulia,-----,Fratelli d'Italia,F,-----
441,441,441,441,441,De Carlo Luca,decarlosindaco,Fratelli d'Italia,M,422762115
442,442,442,442,442,De Priamo Andrea,AndreaDePriamo,Fratelli d'Italia,M,1462014699797680130
443,443,443,443,443,Della Porta Costanzo,costanzodporta,Fratelli d'Italia,M,not found
444,444,444,444,444,Fallucchi Anna Maria,AnnaFallucchi,Fratelli d'Italia,F,not found
445,445,445,445,445,Farolfi Marta,-----,Fratelli d'Italia,F,-----
446,446,446,446,446,Fazzolari Giovanbattista,-----,Fratelli d'Italia,M,-----
447,447,447,447,447,Garnero Santanchè Daniela,DSantanche,Fratelli d'Italia,F,440815818
448,448,448,448,448,Gelmetti Matteo,-----,Fratelli d'Italia,M,-----
449,449,449,449,449,La Pietra Patrizio Giacomo,LaPietraSenato,Fratelli d'Italia,M,984324395949875200
450,450,450,450,450,La Russa Ignazio,Ignazio_LaRussa,Fratelli d'Italia,M,425933041
451,451,451,451,451,Leonardi Elena,-----,Fratelli d'Italia,F,-----
452,452,452,452,452,Liris Guido Quintino,guido_liris,Fratelli d'Italia,M,not found
453,453,453,453,453,Lisei Marco,Marcolisei,Fratelli d'Italia,M,237739564
454,454,454,454,454,Maffoni Gianpietro,GianpietroMaffo,Fratelli d'Italia,M,not found
455,455,455,455,455,Mancini Paola,-----,Fratelli d'Italia,F,-----
456,456,456,456,456,Marcheschi Paolo,MarcheschiPaolo,Fratelli d'Italia,M,201220925
457,457,457,457,457,Matera Domenico,-----,Fratelli d'Italia,M,-----
458,458,458,458,458,Melchiorre Filippo,FMelchiorre,Fratelli d'Italia,M,not found
459,459,459,459,459,Menia Roberto,robertomenia,Fratelli d'Italia,M,247222140
460,460,460,460,460,Mennuni Lavinia,MennuniLavinia,Fratelli d'Italia,F,1504748501221232672
461,461,461,461,461,Mieli Ester,-----,Fratelli d'Italia,F,-----
462,462,462,462,462,Musumeci Nello,Nello_Musumeci,Fratelli d'Italia,M,847019750
463,463,463,463,463,Nastri Gaetano,-----,Fratelli d'Italia,M,-----
464,464,464,464,464,Nocco Vita Maria,-----,Fratelli d'Italia,F,-----
465,465,465,465,465,Orsomarso Fausto,FOrsomarso,Fratelli d'Italia,M,515310308
466,466,466,466,466,Pera Marcello,-----,Fratelli d'Italia,M,-----
467,467,467,467,467,Petrucci Simona,-----,Fratelli d'Italia,F,-----
468,468,468,468,468,Pogliese Salvo,-----,Fratelli d'Italia,M,-----
469,469,469,469,469,Rapani Ernesto,RapaniErnesto,Fratelli d'Italia,M,1145943936
470,470,470,470,470,Rastrelli Sergio,-----,Fratelli d'Italia,M,-----
471,471,471,471,471,Rosa Gianni,GianniRosa65,Fratelli d'Italia,M,517487632
472,472,472,472,472,Russo Raoul,raoulrusso,Fratelli d'Italia,M,not found
473,473,473,473,473,Sallemi Salvatore,-----,Fratelli d'Italia,M,-----
474,474,474,474,474,Satta Giovanni,-----,Fratelli d'Italia,M,-----
475,475,475,475,475,Scurria Marco,MarcoScurria,Fratelli d'Italia,M,554978245
476,476,476,476,476,Sigismondi Etelwardo,EtelSigismondi,Fratelli d'Italia,M,419032300
477,477,477,477,477,Silvestroni Marco,Silvestroninews,Fratelli d'Italia,M,1101905808
478,478,478,478,478,Sisler Sandro,sandrosisler,Fratelli d'Italia,M,not found
479,479,479,479,479,Speranzon Raffaele,RSperanzon,Fratelli d'Italia,M,974118121
480,480,480,480,480,Spineli Domenica,corianosindaco,Fratelli d'Italia,F,not found
481,481,481,481,481,Terzi Di Sant'Agata Giuliomaria,GiulioTerzi,Fratelli d'Italia,M,418028983
482,482,482,482,482,Tubetti Francesca,FrancescaTubett,Fratelli d'Italia,F,not found
483,483,483,483,483,Urso Adolfo,adolfo_urso,Fratelli d'Italia,M,214476890
484,484,484,484,484,Zaffini Francesco,FrancoZaffini,Fratelli d'Italia,M,861249289
485,485,485,485,485,Zedda Antonella,ZeddaAntonella,Fratelli d'Italia,F,440164593
486,486,486,486,486,Zullo Ignazio,Zullo_Ignazio,Fratelli d'Italia,M,not found
487,487,487,487,487,Romeo Massimiliano,maxromeoMB,Lega,M,494482671
488,488,488,488,488,Borghesi Stefano,BorghesiStefano,Lega,M,2170637596
489,489,489,489,489,Bergesio Giorgio Maria,GiorgioBergesio,Lega,M,988289097235075072
490,490,490,490,490,Bizzotto Mara,marabizzotto,Lega,F,890601120040615936
491,491,491,491,491,Bongiorno Giulia,gbongiorno66,Lega,F,932753953
492,492,492,492,492,Borghi Claudio,borghi_claudio,Lega,M,337767301
493,493,493,493,493,Borgonzoni Lucia,senborgonzoni,Lega,F,1192474297727631361
494,494,494,494,494,Calderoli Roberto,-----,Lega,M,-----
495,495,495,495,495,Cantalamessa Gianluca,-----,Lega,M,-----
496,496,496,496,496,Cantù Maria Cristina,MariaCr49183334,Lega,F,1276105557070483458
497,497,497,497,497,Centinaio Gian Marco,giamma71,Lega,M,101573147
498,498,498,498,498,Dreosto Marco,MarcoDreosto,Lega,M,490522414
499,499,499,499,499,Durigon Claudio,ClaudioDurigon,Lega,M,2482335605
500,500,500,500,500,Garavaglia Massimo,massimogara,Lega,M,1095354780
501,501,501,501,501,Germanà Antonino,Nino_Germana,Lega,M,415394913
502,502,502,502,502,Marti Roberto,RobertoMarti74,Lega,M,1201391990
503,503,503,503,503,Minasi Tilde,TildeMinasi,Lega,F,1359420626
504,504,504,504,504,Morelli Alessandro,AMorelliMilano,Lega,M,234787615
505,505,505,505,505,Murelli Elena,MurelliElena,Lega,F,949928755
506,506,506,506,506,Ostellari Andrea,AndreaOstellari,Lega,M,382678995
507,507,507,507,507,Paganella Andrea,-----,Lega,M,-----
508,508,508,508,508,Pirovano Daisy,DaisyPirovano,Lega,F,607250329
509,509,509,509,509,Potenti Manfredi,ManfrediPotenti,Lega,M,1051906012104540161
510,510,510,510,510,Pucciarelli Stefania,PucciarelliLega,Lega,F,3358881567
511,511,511,511,511,Salvini Matteo,matteosalvinimi,Lega,M,270839361
512,512,512,512,512,Spelgatti Nicoletta,-----,Lega,F,-----
513,513,513,513,513,Stefani Erika,erikastefani71,Lega,F,2362890141
514,514,514,514,514,Testor Elena,TestorElena,Lega,F,not found
515,515,515,515,515,Tosato Paolo,PaoloTosato3,Lega,M,1044204272051793921
516,516,516,516,516,Floridia Barbara,FloridiaBarbara,Movimento 5s,F,993396057727012869
517,517,517,517,517,Maiorino Alessandra,MaiorinoM5S,Movimento 5s,F,1005573055790362629
518,518,518,518,518,Di Girolamo Gabriella,GabriDiGirolamo,Movimento 5s,F,1484451236
519,519,519,519,519,Nave Luigi,luinave,Movimento 5s,M,2266891589
520,520,520,520,520,Pirro Elisa,pirroelisa,Movimento 5s,F,3062283743
521,521,521,521,521,Aloisio Vincenza,-----,Movimento 5s,F,-----
522,522,522,522,522,Bevilacqua Dolores,-----,Movimento 5s,F,-----
523,523,523,523,523,Bilotti Anna,bilotti_anna,Movimento 5s,F,815655422346534912
524,524,524,524,524,Castellone Maria Domenica,MariaDomenicaC4,Movimento 5s,F,1128669323470495746
525,525,525,525,525,Castiello Francesco,-----,Movimento 5s,M,-----
526,526,526,526,526,Cataldi Roberto,-----,Movimento 5s,M,-----
527,527,527,527,527,Croatti Marco,CroattiMarco,Movimento 5s,M,1206939058095689729
528,528,528,528,528,Damante Concetta,-----,Movimento 5s,F,-----
529,529,529,529,529,De Rosa Raffaele,-----,Movimento 5s,M,-----
530,530,530,530,530,Guidolin Barbara,GuidolinBarbara,Movimento 5s,F,1013772901705814016
531,531,531,531,531,Licheri Ettore Antonio,ettore_licheri,Movimento 5s,M,980885522351579136
532,532,532,532,532,Licheri Sabrina,sabrinalicheri,Movimento 5s,F,339232486
533,533,533,533,533,Lopreiato Ada,avvada,Movimento 5s,F,not found
534,534,534,534,534,Lorefice Pietro,-----,Movimento 5s,M,-----
535,535,535,535,535,Marton Bruno,Marton_Bruno,Movimento 5s,M,not found
536,536,536,536,536,Mazzella Orfeo,MazzellaOrfeo,Movimento 5s,M,not found
537,537,537,537,537,Naturale Gisella,GisellaNaturale,Movimento 5s,F,1214508229562163200
538,538,538,538,538,Patuanelli Stefano,SPatuanelli,Movimento 5s,M,319766967
539,539,539,539,539,Pirondini Luca,Lpirondini81,Movimento 5s,M,not found
540,540,540,540,540,Scarpinato Roberto Maria Ferdinando,-----,Movimento 5s,M,-----
541,541,541,541,541,Sironi Elena,-----,Movimento 5s,F,-----
542,542,542,542,542,Trevisi Antonio Salvatore,TonyTrevisi,Movimento 5s,M,not found
543,543,543,543,543,Turco Mario,marioturco_m5s,Movimento 5s,M,1491739653006929923
544,544,544,544,544,Malpezzi Simona Flavia,SimonaMalpezzi,Partito Democratico,F,428521248
545,545,545,545,545,Alfieri Alessandro,ale_alfieri,Partito Democratico,M,110460218
546,546,546,546,546,Lorenzin Beatrice,BeaLorenzin,Partito Democratico,F,515229378
547,547,547,547,547,Mirabelli Franco,FraMirabelli,Partito Democratico,M,545136488
548,548,548,548,548,Basso Lorenzo,lorenzobasso,Partito Democratico,M,105802436
549,549,549,549,549,D'Elia Cecilia,ceciliadelia,Partito Democratico,F,376399556
550,550,550,550,550,Zampa Sandra,szampa56,Partito Democratico,F,964460408
551,551,551,551,551,Irto Nicola,nicoirto,Partito Democratico,M,424473892
552,552,552,552,552,Misiani Antonio,antoniomisiani,Partito Democratico,M,336975968
553,553,553,553,553,Astorre Bruno,BrunoAstorre,Partito Democratico,M,2900717633
554,554,554,554,554,Bazoli Alfredo,alfredobazoli,Partito Democratico,M,473842449
555,555,555,555,555,Boccia Francesco,-----,Partito Democratico,M,-----
556,556,556,556,556,Borghi Enrico,EnricoBorghi1,Partito Democratico,M,474175425
557,557,557,557,557,Camusso Susanna Lina Giulia,SusannaCamusso,Partito Democratico,F,440943555
558,558,558,558,558,Casini Pier Ferdinando,Pierferdinando,Partito Democratico,M,36374014
559,559,559,559,559,Cottarelli Carlo,CottarelliCPI,Partito Democratico,M,940499085886480384
560,560,560,560,560,Crisanti Andrea,CrisantiEuropa,Partito Democratico,M,1556324421794660352
561,561,561,561,561,Delrio Graziano,graziano_delrio,Partito Democratico,M,484982241
562,562,562,562,562,Fina Michele,michelefina,Partito Democratico,M,259271842
563,563,563,563,563,Franceschelli Silvio,-----,Partito Democratico,M,-----
564,564,564,564,564,Franceschini Dario,dariofrance,Partito Democratico,M,61154684
565,565,565,565,565,Furlan Annamaria,FurlanAnnamaria,Partito Democratico,F,600134864
566,566,566,566,566,Giacobbe Francesco,sengiacobbe,Partito Democratico,M,not found
567,567,567,567,567,Giorgis Andrea,giorgis65,Partito Democratico,M,697713603709898752
568,568,568,568,568,La Marca Francesca,FrancescaLaMar,Partito Democratico,F,826209650
569,569,569,569,569,Losacco Alberto,albertolosacco,Partito Democratico,M,120206776
570,570,570,570,570,Manca Daniele,mancaimola,Partito Democratico,M,897264492
571,571,571,571,571,Martella Andrea,andreamartella,Partito Democratico,M,380826306
572,572,572,572,572,Meloni Marco,MarcoMeloni,Partito Democratico,M,12994392
573,573,573,573,573,Nicita Antonio,AntonioNicita,Partito Democratico,M,297939596
574,574,574,574,574,Parrini Dario,DarioParrini,Partito Democratico,M,587802594
575,575,575,575,575,Rando Vincenza,-----,Partito Democratico,F,-----
576,576,576,576,576,Rojc Tatjana,tatjana_rojc,Partito Democratico,F,565272070
577,577,577,577,577,Rossomando Anna,RossomandoPd,Partito Democratico,F,2927013813
578,578,578,578,578,Valente Valeria,ValeriaValente_,Partito Democratico,F,1288696170
579,579,579,579,579,Verducci Francesco,cescverducci,Partito Democratico,M,827908404
580,580,580,580,580,Verini Walter,VeriniWalter,Partito Democratico,M,722386906189840384
581,581,581,581,581,Zambito Ylenia,YleniaZambito,Partito Democratico,F,543289277
